Date,BTC-USD,GC=F,DX-Y.NYB,^GSPC,ETH-USD,BNB-USD,XRP-USD,ADA-USD,SOL-USD,DOGE-USD,DOT-USD,AVAX-USD,LINK-USD,UNI-USD,ATOM-USD
2025-03-29,82597.5859375,,,,1827.3203125,603.2378540039062,2.139949083328247,0.6739220023155212,124.587646484375,0.16956500709056854,4.052915096282959,19.654756546020508,13.545989036560059,0.00016599999798927456,4.2431511878967285
2025-03-30,82334.5234375,,,,1806.2186279296875,601.8302001953125,2.1361429691314697,0.6607080101966858,124.64263153076172,0.16631899774074554,4.0395050048828125,18.862831115722656,13.387308120727539,0.00016599999798927456,4.313941955566406
2025-03-31,82548.9140625,3122.800048828125,104.20999908447266,5611.85009765625,1823.47998046875,605.0728149414062,2.0898969173431396,0.6614469885826111,124.69412994384766,0.16671499609947205,4.022634983062744,18.768949508666992,13.512476921081543,0.00016599999798927456,4.3736958503723145
2025-04-01,85169.171875,3118.89990234375,104.26000213623047,5633.06982421875,1905.491455078125,611.297119140625,2.139611005783081,0.6776549816131592,126.68238067626953,0.17408600449562073,4.1754021644592285,19.79265785217285,14.042898178100586,0.00017100000695791095,4.375486850738525
2025-04-02,82485.7109375,3139.89990234375,103.80999755859375,5670.97021484375,1795.313232421875,590.6375732421875,2.025067090988159,0.641638994216919,117.75762939453125,0.1641950011253357,3.9694559574127197,18.013551712036133,12.934548377990723,0.00016599999798927456,4.222219944000244
2025-04-03,83102.828125,3097.0,102.06999969482422,5396.52001953125,1815.63720703125,592.1244506835938,2.062467098236084,0.6500589847564697,117.06145477294922,0.1620599925518036,4.051623821258545,18.1337947845459,12.879012107849121,0.00016700000560376793,4.642675876617432
2025-04-04,83843.8046875,3012.0,103.0199966430664,5074.080078125,1815.335205078125,597.5794067382812,2.128959894180298,0.6604490280151367,122.78688049316406,0.171097993850708,4.032867908477783,18.181718826293945,12.934565544128418,0.00016900000628083944,4.978067874908447
2025-04-05,83504.796875,3012.0,103.0199966430664,5074.080078125,1805.9732666015625,593.1148681640625,2.143731117248535,0.6546710133552551,120.25899505615234,0.16902700066566467,3.956533908843994,17.891618728637695,12.846267700195312,0.00016799999866634607,4.8052978515625
2025-04-06,78214.484375,3012.0,103.0199966430664,5074.080078125,1576.72802734375,554.5949096679688,1.917894959449768,0.5727930068969727,105.7120132446289,0.14884500205516815,3.677018880844116,15.994715690612793,11.25341510772705,0.00015700000221841037,4.438739776611328
2025-04-07,79235.3359375,2951.300048828125,103.26000213623047,5062.25,1555.240966796875,554.4833984375,1.8977539539337158,0.5854309797286987,106.90277862548828,0.14952099323272705,3.5914759635925293,16.694761276245117,11.451340675354004,0.00015900000289548188,4.333686828613281
2025-04-08,76271.953125,2968.39990234375,102.95999908447266,4982.77001953125,1472.5531005859375,553.4674072265625,1.7945679426193237,0.5578879714012146,105.51219177246094,0.14210699498653412,3.371997117996216,16.121753692626953,10.9085111618042,0.00015300000086426735,4.163844108581543
2025-04-09,82573.953125,3056.5,102.9000015258789,5456.89990234375,1668.0400390625,582.3693237304688,2.0517380237579346,0.631676971912384,119.05754089355469,0.16037100553512573,3.639357089996338,18.44510269165039,12.657184600830078,0.00016599999798927456,4.533537864685059
2025-04-10,79626.140625,3155.199951171875,100.87000274658203,5268.0498046875,1522.518798828125,577.4059448242188,1.9664820432662964,0.609387993812561,112.80392456054688,0.15366600453853607,3.4621849060058594,18.330242156982422,12.07532024383545,0.00015999999595806003,4.334009170532227
2025-04-11,83404.8359375,3222.199951171875,99.77999877929688,5363.35986328125,1567.1497802734375,586.0889892578125,2.0238869190216064,0.6241670250892639,121.53237915039062,0.16008900105953217,3.5592501163482666,19.161819458007812,12.661982536315918,0.0001630000042496249,4.244882106781006
2025-04-12,85287.109375,3222.199951171875,99.77999877929688,5363.35986328125,1643.528564453125,597.123046875,2.1586201190948486,0.6588519811630249,132.26055908203125,0.1676110029220581,3.7127699851989746,20.469505310058594,13.146659851074219,0.0001630000042496249,4.352557182312012
2025-04-13,83684.9765625,3222.199951171875,99.77999877929688,5363.35986328125,1596.685791015625,584.04248046875,2.120198965072632,0.6380749940872192,128.58079528808594,0.16279199719429016,3.665757894515991,19.586620330810547,12.6239013671875,0.0001630000042496249,4.144314765930176
2025-04-14,84542.390625,3204.800048828125,99.63999938964844,5405.97021484375,1622.7698974609375,584.335205078125,2.12675404548645,0.6348739862442017,129.3103790283203,0.15850099921226501,3.6716148853302,20.091869354248047,12.622772216796875,0.0001630000042496249,4.128220081329346
2025-04-15,83668.9921875,3218.699951171875,100.22000122070312,5396.6298828125,1588.6324462890625,579.68603515625,2.0885488986968994,0.6091629862785339,126.26313018798828,0.15354999899864197,3.523082971572876,19.03645896911621,12.235984802246094,0.0001630000042496249,3.979741096496582
2025-04-16,84033.8671875,3326.60009765625,99.37999725341797,5275.7001953125,1578.1053466796875,582.8062133789062,2.0832419395446777,0.610418975353241,131.44969177246094,0.1546880006790161,3.5573348999023438,18.75917625427246,12.357337951660156,0.0001630000042496249,4.020336151123047
2025-04-17,84895.75,3308.699951171875,99.37999725341797,5282.7001953125,1582.54833984375,590.1621704101562,2.0664150714874268,0.6163049936294556,134.69874572753906,0.15573999285697937,3.6304900646209717,19.038515090942383,12.517427444458008,0.0001630000042496249,4.110084056854248
2025-04-18,84450.8046875,3308.699951171875,99.37999725341797,5282.7001953125,1588.9246826171875,591.7638549804688,2.0635271072387695,0.6274449825286865,134.07350158691406,0.1576160043478012,3.67856502532959,19.073871612548828,12.562503814697266,0.0001630000042496249,4.124811172485352
2025-04-19,85063.4140625,3308.699951171875,99.37999725341797,5282.7001953125,1612.9228515625,591.7767944335938,2.08732008934021,0.6279540061950684,139.75025939941406,0.15733300149440765,3.8793280124664307,19.89363670349121,12.937108039855957,0.0001630000042496249,4.213149070739746
2025-04-20,85174.3046875,3308.699951171875,99.37999725341797,5282.7001953125,1587.5142822265625,592.972412109375,2.0770010948181152,0.6197819709777832,137.77459716796875,0.15518400073051453,3.8790690898895264,19.500951766967773,13.27574634552002,0.0001630000042496249,4.154053211212158
2025-04-21,87518.90625,3406.199951171875,98.27999877929688,5158.2001953125,1579.7344970703125,597.4141845703125,2.085515022277832,0.6239399909973145,136.7043914794922,0.15938800573349,3.785083055496216,19.92521095275879,13.106670379638672,0.0001630000042496249,4.063902854919434
2025-04-22,93441.890625,3400.800048828125,98.91999816894531,5287.759765625,1757.3316650390625,618.8269653320312,2.215472936630249,0.680404007434845,148.73941040039062,0.1786479949951172,4.017457962036133,22.08037757873535,14.139148712158203,0.0001630000042496249,4.310328960418701
2025-04-23,93699.109375,3276.300048828125,99.83999633789062,5375.85986328125,1796.104248046875,605.8150024414062,2.217355966567993,0.6975659728050232,151.15272521972656,0.17860500514507294,4.093155860900879,22.338470458984375,15.005440711975098,0.0001630000042496249,4.407393932342529
2025-04-24,93943.796875,3332.0,99.29000091552734,5484.77001953125,1769.8316650390625,601.7158203125,2.2045440673828125,0.72182697057724,152.3036346435547,0.18245700001716614,4.26455020904541,22.357967376708984,15.044060707092285,0.0001630000042496249,4.5510687828063965
2025-04-25,94720.5,3282.39990234375,99.47000122070312,5525.2099609375,1786.634521484375,600.1810302734375,2.183053970336914,0.7141410112380981,150.91500854492188,0.1818300038576126,4.255543231964111,22.188095092773438,14.929082870483398,0.0001630000042496249,4.544546127319336
2025-04-26,94646.9296875,3282.39990234375,99.47000122070312,5525.2099609375,1821.881103515625,607.7041015625,2.1931889057159424,0.7075210213661194,149.28936767578125,0.18188999593257904,4.267284870147705,22.42249870300293,14.875073432922363,0.0001630000042496249,4.59110689163208
2025-04-27,93754.84375,3282.39990234375,99.47000122070312,5525.2099609375,1792.864990234375,603.6184692382812,2.256237030029297,0.7039750218391418,148.24583435058594,0.1796720027923584,4.095620155334473,21.759990692138672,14.588580131530762,0.0001630000042496249,4.384881019592285
2025-04-28,94978.75,3332.5,99.01000213623047,5528.75,1798.851806640625,606.364990234375,2.295137882232666,0.7054799795150757,147.8099365234375,0.17895199358463287,4.238255977630615,21.84221649169922,15.01733112335205,0.0001630000042496249,4.462225914001465
2025-04-29,94284.7890625,3318.800048828125,99.23999786376953,5560.830078125,1799.1756591796875,601.0289916992188,2.2408010959625244,0.6963300108909607,146.42787170410156,0.17463600635528564,4.146282196044922,21.550371170043945,14.613898277282715,0.0001630000042496249,4.380782127380371
2025-04-30,94207.3125,3305.0,99.47000122070312,5569.06005859375,1793.775390625,599.6817016601562,2.191556930541992,0.6819300055503845,147.64320373535156,0.1723400056362152,4.068164825439453,20.909435272216797,14.29294204711914,0.0001630000042496249,4.300281047821045
2025-05-01,96492.3359375,3210.0,100.25,5604.14013671875,1839.2215576171875,599.918212890625,2.2141621112823486,0.7054340243339539,150.84658813476562,0.180758997797966,4.176702976226807,21.64530372619629,14.75207805633545,0.0001630000042496249,4.4285688400268555
2025-05-02,96910.0703125,3231.89990234375,100.0,5686.669921875,1842.7078857421875,601.1641845703125,2.2098309993743896,0.6980419754981995,148.05003356933594,0.18157699704170227,4.163290977478027,21.248334884643555,14.6611967086792,0.0001630000042496249,4.367852210998535
2025-05-03,95891.796875,3231.89990234375,100.0,5686.669921875,1833.8397216796875,599.3313598632812,2.1883668899536133,0.701026976108551,146.79605102539062,0.1757570058107376,4.033395767211914,20.548114776611328,14.260993003845215,0.0001630000042496249,4.223286151885986
2025-05-04,94315.9765625,3231.89990234375,100.0,5686.669921875,1808.59423828125,585.9950561523438,2.157794952392578,0.676692008972168,143.98306274414062,0.17055200040340424,3.920790910720825,19.901275634765625,13.859743118286133,0.0001630000042496249,4.095193862915039
2025-05-05,94748.0546875,3311.300048828125,99.83000183105469,5650.3798828125,1819.697509765625,597.6897583007812,2.1356089115142822,0.6629760265350342,146.69664001464844,0.17060400545597076,3.9187569618225098,19.68511199951172,13.646458625793457,0.0001630000042496249,4.0702691078186035
2025-05-06,96802.4765625,3411.39990234375,99.23999786376953,5606.91015625,1815.0875244140625,602.473876953125,2.1554300785064697,0.6783819794654846,146.7664031982422,0.1721159964799881,3.9675021171569824,20.028181076049805,13.830133438110352,0.0001630000042496249,4.111198902130127
2025-05-07,97032.3203125,3381.39990234375,99.61000061035156,5631.27978515625,1811.606689453125,603.2796630859375,2.126171112060547,0.6711859703063965,147.2137451171875,0.1720069944858551,3.9670701026916504,19.529470443725586,13.819287300109863,0.0001630000042496249,4.16804313659668
2025-05-08,103241.4609375,3296.60009765625,100.63999938964844,5663.93994140625,2206.5146484375,628.6634521484375,2.323184013366699,0.7666040062904358,163.96078491210938,0.19757699966430664,4.441946029663086,22.110124588012695,15.849824905395508,0.0001630000042496249,4.534339904785156
2025-05-09,102970.8515625,3335.39990234375,100.33999633789062,5659.91015625,2345.50732421875,666.8784790039062,2.3446710109710693,0.7777109742164612,172.82827758789062,0.20529000461101532,4.792686939239502,23.25318145751953,16.011110305786133,0.0001630000042496249,4.935945987701416
2025-05-10,104696.328125,3335.39990234375,100.33999633789062,5659.91015625,2582.422607421875,663.6172485351562,2.4720299243927,0.8412730097770691,177.62181091308594,0.24868899583816528,5.311709880828857,25.888412475585938,17.34076690673828,0.0001630000042496249,5.376644134521484
2025-05-11,104106.359375,3335.39990234375,100.33999633789062,5659.91015625,2510.23779296875,650.6254272460938,2.3665249347686768,0.8049889802932739,173.02645874023438,0.23150800168514252,5.0924458503723145,24.7523250579834,17.063989639282227,0.0001630000042496249,5.3111701011657715
2025-05-12,102812.953125,3220.0,101.79000091552734,5844.18994140625,2496.397705078125,660.4843139648438,2.54463791847229,0.8176379799842834,174.24789428710938,0.23100200295448303,5.072290897369385,24.832002639770508,16.732389450073242,0.0001630000042496249,5.236155033111572
2025-05-13,104169.8125,3240.300048828125,101.0,5886.5498046875,2680.129638671875,665.570556640625,2.586548089981079,0.8315600156784058,184.00625610351562,0.24121500551700592,5.201260089874268,25.768766403198242,17.432764053344727,0.0001630000042496249,5.282489776611328
2025-05-14,103539.4140625,3181.39990234375,101.04000091552734,5892.580078125,2610.063232421875,652.571044921875,2.5527029037475586,0.7995200157165527,176.709228515625,0.23280799388885498,4.985311985015869,24.986888885498047,17.01301383972168,0.0001630000042496249,5.094409942626953
2025-05-15,103744.640625,3220.699951171875,100.87999725341797,5916.93017578125,2546.85693359375,651.2642211914062,2.3803670406341553,0.7612429857254028,169.00999450683594,0.21918900310993195,4.768424987792969,23.43390464782715,16.003477096557617,0.0001630000042496249,4.859989166259766
2025-05-16,103489.2890625,3182.0,101.08999633789062,5958.3798828125,2536.297607421875,646.3213500976562,2.38098406791687,0.7592679858207703,167.33395385742188,0.22128699719905853,4.754538059234619,23.091123580932617,15.755204200744629,0.0001630000042496249,4.811340808868408
2025-05-17,103191.0859375,3182.0,101.08999633789062,5958.3798828125,2475.75439453125,639.618896484375,2.3543639183044434,0.7423850297927856,165.9308319091797,0.21469800174236298,4.610406875610352,22.1935977935791,15.320246696472168,0.0001630000042496249,4.7184271812438965
2025-05-18,106446.0078125,3182.0,101.08999633789062,5958.3798828125,2498.233642578125,652.164306640625,2.434170961380005,0.7606260180473328,173.89871215820312,0.2341810017824173,4.804838180541992,23.08956527709961,15.922525405883789,0.0001630000042496249,4.9665398597717285
2025-05-19,105606.1796875,3228.89990234375,100.43000030517578,5963.60009765625,2529.166748046875,649.8529052734375,2.3813788890838623,0.7430629730224609,166.86422729492188,0.22442099452018738,4.596532821655273,22.272796630859375,15.799415588378906,0.0001630000042496249,4.783949851989746
2025-05-20,106791.0859375,3280.300048828125,100.12000274658203,5940.4599609375,2524.173095703125,650.330810546875,2.356755018234253,0.7457290291786194,168.4836883544922,0.22612600028514862,4.675634860992432,22.583253860473633,15.6917085647583,0.0001630000042496249,4.8463921546936035
2025-05-21,109678.078125,3309.300048828125,99.55999755859375,5844.60986328125,2552.34716796875,673.1486206054688,2.398926019668579,0.7707189917564392,173.68173217773438,0.23405799269676208,4.744808197021484,23.188013076782227,16.12407684326172,0.0001630000042496249,4.983259201049805
2025-05-22,111673.28125,3292.300048828125,99.95999908447266,5842.009765625,2664.156982421875,686.2356567382812,2.429795026779175,0.8081380128860474,179.69094848632812,0.24502800405025482,4.946420192718506,25.24054718017578,16.736061096191406,0.0001630000042496249,5.214661121368408
2025-05-23,107287.796875,3363.60009765625,99.11000061035156,5802.81982421875,2526.44189453125,656.231689453125,2.294321060180664,0.7463799715042114,173.82542419433594,0.22481399774551392,4.554623126983643,23.029863357543945,15.521185874938965,0.0001630000042496249,4.790618896484375
2025-05-24,107791.15625,3363.60009765625,99.11000061035156,5802.81982421875,2530.646240234375,668.3065185546875,2.3328700065612793,0.7471920251846313,176.0424041748047,0.2252970039844513,4.547797203063965,22.977720260620117,15.355583190917969,0.0001630000042496249,4.721083164215088
2025-05-25,109035.390625,3363.60009765625,99.11000061035156,5802.81982421875,2551.763916015625,669.9168701171875,2.342974901199341,0.7599830031394958,175.72547912597656,0.22498400509357452,4.525113105773926,23.441709518432617,15.526289939880371,0.0001630000042496249,4.793062210083008
2025-05-26,109440.3671875,3363.60009765625,98.93000030517578,5802.81982421875,2564.138427734375,674.3926391601562,2.3106610774993896,0.7595549821853638,174.90789794921875,0.22602500021457672,4.46865177154541,23.072145462036133,15.527997970581055,0.0001630000042496249,4.778651237487793
2025-05-27,108994.640625,3299.10009765625,99.5199966430664,5921.5400390625,2663.06982421875,687.1594848632812,2.318671941757202,0.7586830258369446,176.815185546875,0.22616399824619293,4.5374369621276855,23.373483657836914,15.918099403381348,0.0001630000042496249,4.757533073425293
2025-05-28,107802.328125,3293.60009765625,99.87999725341797,5888.5498046875,2682.212890625,687.405517578125,2.2742528915405273,0.7468940019607544,172.18955993652344,0.22078199684619904,4.5749831199646,23.554271697998047,15.665416717529297,0.0001630000042496249,4.8353400230407715
2025-05-29,105641.7578125,3317.10009765625,99.27999877929688,5912.169921875,2632.65478515625,675.1721801757812,2.244246006011963,0.7223420143127441,166.5881805419922,0.21483300626277924,4.34134578704834,22.247188568115234,15.040348052978516,0.0001630000042496249,4.612863063812256
2025-05-30,103998.5703125,3288.89990234375,99.33000183105469,5911.68994140625,2529.943603515625,655.482177734375,2.138633966445923,0.6893270015716553,156.23471069335938,0.19343599677085876,4.048573970794678,20.55556297302246,13.899076461791992,0.0001630000042496249,4.294672012329102
2025-05-31,104638.09375,3288.89990234375,99.33000183105469,5911.68994140625,2529.08740234375,658.5012817382812,2.1750600337982178,0.6860740184783936,156.63894653320312,0.1925790011882782,4.081821918487549,20.80081558227539,13.976826667785645,0.0001630000042496249,4.3507280349731445
2025-06-01,105652.1015625,3288.89990234375,99.33000183105469,5911.68994140625,2536.266357421875,660.9917602539062,2.1791839599609375,0.6849740147590637,157.7845458984375,0.19363200664520264,4.064271926879883,20.873411178588867,14.062182426452637,0.0001630000042496249,4.3664350509643555
2025-06-02,105881.53125,3370.60009765625,98.69999694824219,5935.93994140625,2607.097412109375,666.5907592773438,2.1977550983428955,0.6896770000457764,156.99806213378906,0.1953900009393692,4.145421981811523,21.182096481323242,14.092877388000488,0.0001630000042496249,4.470814228057861
2025-06-03,105432.46875,3350.199951171875,99.25,5970.3701171875,2593.2802734375,661.6989135742188,2.2468440532684326,0.6846140027046204,155.34317016601562,0.1931380033493042,4.141016006469727,21.149673461914062,14.115714073181152,0.0001630000042496249,4.417520046234131
2025-06-04,104731.984375,3373.5,98.79000091552734,5970.81005859375,2608.64306640625,663.706298828125,2.202310085296631,0.6658899784088135,153.35964965820312,0.18823599815368652,4.0176100730896,20.1472110748291,13.850793838500977,0.0001630000042496249,4.279101848602295
2025-06-05,101575.953125,3350.699951171875,98.73999786376953,5939.2998046875,2416.28564453125,634.0535888671875,2.0976340770721436,0.6275740265846252,144.54295349121094,0.17162799835205078,3.8261899948120117,18.796627044677734,12.922351837158203,0.0001630000042496249,4.092250823974609
2025-06-06,104390.34375,3322.699951171875,99.19000244140625,6000.35986328125,2477.19482421875,643.4342041015625,2.1624059677124023,0.6564059853553772,147.9131317138672,0.1789730042219162,3.8906478881835938,19.6684627532959,13.581302642822266,0.0001630000042496249,4.184267044067383
2025-06-07,105615.625,3322.699951171875,99.19000244140625,6000.35986328125,2526.50537109375,651.1504516601562,2.1785459518432617,0.6650099754333496,150.13406372070312,0.18516799807548523,4.028441905975342,20.675182342529297,13.836443901062012,0.0001630000042496249,4.309267044067383
2025-06-08,105793.6484375,3322.699951171875,99.19000244140625,6000.35986328125,2510.787109375,652.1478271484375,2.2654950618743896,0.6698989868164062,152.4300994873047,0.18417300283908844,4.024810791015625,21.055870056152344,13.717120170593262,0.0001630000042496249,4.2676520347595215
2025-06-09,110294.1015625,3332.10009765625,98.94000244140625,6005.8798828125,2681.51708984375,665.9540405273438,2.3203749656677246,0.7050520181655884,161.08865356445312,0.1949329972267151,4.157787799835205,21.9520263671875,14.361599922180176,0.0001630000042496249,4.435802936553955
2025-06-10,110257.234375,3320.89990234375,99.05000305175781,6038.81005859375,2813.517578125,673.6104736328125,2.3052849769592285,0.7159140110015869,165.02816772460938,0.19828200340270996,4.286640167236328,22.543359756469727,15.427643775939941,0.0001630000042496249,4.597212791442871
2025-06-11,108686.625,3321.300048828125,98.62999725341797,6022.240234375,2773.529296875,667.6690673828125,2.2708730697631836,0.6981580257415771,161.0558624267578,0.19301100075244904,4.192241191864014,21.593502044677734,14.90967082977295,0.0001630000042496249,4.510848045349121
2025-06-12,105929.0546875,3380.89990234375,97.91999816894531,6045.259765625,2651.795166015625,656.2438354492188,2.1947689056396484,0.6638389825820923,152.7896728515625,0.18154799938201904,3.9283010959625244,20.35604476928711,14.025967597961426,0.0001630000042496249,4.236670017242432
2025-06-13,106090.96875,3431.199951171875,98.18000030517578,5976.97021484375,2579.486083984375,655.2557373046875,2.1490299701690674,0.6421359777450562,148.62835693359375,0.18038000166416168,3.8416519165039062,19.417818069458008,13.436464309692383,0.0001630000042496249,4.130983829498291
2025-06-14,105472.40625,3431.199951171875,98.18000030517578,5976.97021484375,2533.444091796875,645.9127807617188,2.1414060592651367,0.6249489784240723,144.7637481689453,0.1784670054912567,3.785244941711426,18.96038246154785,13.166606903076172,0.0001630000042496249,4.091464042663574
2025-06-15,105552.0234375,3431.199951171875,98.18000030517578,5976.97021484375,2546.837158203125,648.28076171875,2.1671769618988037,0.633849024772644,152.81439208984375,0.17566899955272675,3.8218910694122314,19.114946365356445,13.296910285949707,0.0001630000042496249,4.093523025512695
2025-06-16,106796.7578125,3396.39990234375,98.0,6033.10986328125,2540.60498046875,650.9617309570312,2.241771936416626,0.6316310167312622,150.8699951171875,0.1726980060338974,3.8513100147247314,19.078920364379883,13.574793815612793,0.0001630000042496249,4.145318984985352
2025-06-17,104601.1171875,3386.60009765625,98.81999969482422,5982.72021484375,2510.761474609375,648.5108032226562,2.1607139110565186,0.6104490160942078,147.7498016357422,0.16966800391674042,3.7247750759124756,18.622413635253906,13.007805824279785,0.0001630000042496249,4.02857780456543
2025-06-18,104883.328125,3389.800048828125,98.91000366210938,5980.8701171875,2524.301513671875,644.8067626953125,2.1696650981903076,0.6034489870071411,146.35311889648438,0.170632004737854,3.6224279403686523,18.160785675048828,13.103866577148438,0.0001630000042496249,4.014912128448486
2025-06-19,104684.2890625,3389.800048828125,98.91000366210938,5980.8701171875,2521.653564453125,644.6807250976562,2.165937900543213,0.6021249890327454,147.07147216796875,0.17096300423145294,3.54790997505188,18.06515884399414,13.074892044067383,0.0001630000042496249,4.039866924285889
2025-06-20,103309.6015625,3368.10009765625,98.70999908447266,5967.83984375,2407.30419921875,641.784423828125,2.120347023010254,0.5772640109062195,140.16859436035156,0.16247500479221344,3.4376869201660156,17.368581771850586,12.51447582244873,0.0001630000042496249,3.929861068725586
2025-06-21,102257.40625,3368.10009765625,98.70999908447266,5967.83984375,2300.49560546875,628.7478637695312,2.057558059692383,0.5543149709701538,135.1610107421875,0.1541689932346344,3.319669008255005,16.790212631225586,11.985239028930664,0.0001630000042496249,3.781409978866577
2025-06-22,100987.140625,3368.10009765625,98.70999908447266,5967.83984375,2228.213134765625,615.99462890625,2.0140280723571777,0.5409830212593079,131.61569213867188,0.15132200717926025,3.1523730754852295,16.499881744384766,11.652458190917969,0.0001630000042496249,3.716500997543335
2025-06-23,105577.7734375,3377.699951171875,98.41999816894531,6025.169921875,2421.824951171875,641.2962036132812,2.166309118270874,0.5832750201225281,144.8467254638672,0.16436299681663513,3.4198780059814453,18.099651336669922,12.874313354492188,0.0001630000042496249,4.080686092376709
2025-06-24,106045.6328125,3317.39990234375,97.86000061035156,6092.18017578125,2448.0087890625,643.7371826171875,2.1908159255981445,0.5873690247535706,145.95452880859375,0.16573099792003632,3.437391996383667,18.226329803466797,13.408498764038086,0.0001630000042496249,4.073604106903076
2025-06-25,107361.2578125,3327.10009765625,97.68000030517578,6092.16015625,2419.310302734375,645.9231567382812,2.1858720779418945,0.5670809745788574,143.505126953125,0.16457800567150116,3.356421947479248,17.569374084472656,13.136893272399902,0.0001630000042496249,4.000176906585693
2025-06-26,106960.0,3333.5,97.1500015258789,6141.02001953125,2416.146728515625,642.4142456054688,2.1058549880981445,0.5540210008621216,139.0598602294922,0.1599860042333603,3.2972519397735596,17.227298736572266,12.929868698120117,0.0001630000042496249,3.894973039627075
2025-06-27,107088.4296875,3273.699951171875,97.4000015258789,6173.06982421875,2423.866943359375,646.1536254882812,2.1426188945770264,0.5587639808654785,142.1914825439453,0.16106800734996796,3.3604369163513184,17.57777214050293,13.060314178466797,0.0001630000042496249,3.9251980781555176
2025-06-28,107327.703125,3273.699951171875,97.4000015258789,6173.06982421875,2437.109375,648.7504272460938,2.1860439777374268,0.5656970143318176,150.8275604248047,0.16369199752807617,3.4042139053344727,17.98171615600586,13.39917278289795,0.0001630000042496249,3.995666027069092
2025-06-29,108385.5703125,3273.699951171875,97.4000015258789,6173.06982421875,2500.9599609375,655.0361938476562,2.2070729732513428,0.5780860185623169,153.35308837890625,0.16960200667381287,3.547437906265259,18.741649627685547,13.725419998168945,0.0001630000042496249,4.206427097320557
2025-06-30,107135.3359375,3294.39990234375,96.87999725341797,6204.9501953125,2486.46435546875,657.0253295898438,2.2387499809265137,0.5721210241317749,154.7353057861328,0.16513599455356598,3.399553060531616,17.974863052368164,13.38076400756836,0.0001630000042496249,4.094664096832275
2025-07-01,105698.28125,3336.699951171875,96.81999969482422,6198.009765625,2405.792724609375,646.39794921875,2.1721949577331543,0.5421580076217651,146.9266357421875,0.15775099396705627,3.283790111541748,17.105613708496094,12.896029472351074,0.0001630000042496249,3.9307188987731934
2025-07-02,108859.3203125,3348.0,96.77999877929688,6227.419921875,2571.33544921875,660.0572509765625,2.233768939971924,0.5841010212898254,152.22763061523438,0.16872000694274902,3.542109966278076,18.5111026763916,13.559239387512207,0.0001630000042496249,4.173092842102051
2025-07-03,109647.9765625,3331.60009765625,97.18000030517578,6279.35009765625,2591.00732421875,663.3231201171875,2.257658004760742,0.5990880131721497,152.40179443359375,0.17203399538993835,3.5397400856018066,18.539133071899414,13.668498992919922,0.0001630000042496249,4.183225154876709
2025-07-04,108034.3359375,3332.5,97.18000030517578,6279.35009765625,2508.518310546875,653.739501953125,2.2211389541625977,0.5728909969329834,147.76364135742188,0.16287100315093994,3.3577089309692383,17.795116424560547,13.169758796691895,0.0001630000042496249,4.0021138191223145
2025-07-05,108231.1796875,3332.5,97.18000030517578,6279.35009765625,2517.280029296875,656.1428833007812,2.218522071838379,0.5759080052375793,147.64144897460938,0.1642719954252243,3.355695962905884,17.9272518157959,13.229538917541504,0.0001630000042496249,4.0119428634643555
2025-07-06,109232.0703125,3332.5,97.18000030517578,6279.35009765625,2571.236572265625,663.0889892578125,2.272541046142578,0.5860130190849304,151.87294006347656,0.17198599874973297,3.3957769870758057,18.2985897064209,13.494132041931152,0.0001630000042496249,4.0797038078308105
2025-07-07,108299.8515625,3332.199951171875,97.4800033569336,6229.97998046875,2543.01318359375,661.0181884765625,2.274077892303467,0.5802379846572876,148.87234497070312,0.16796599328517914,3.369813919067383,18.004047393798828,13.428613662719727,0.0001630000042496249,4.045331001281738
2025-07-08,108950.2734375,3307.0,97.51000213623047,6225.52001953125,2615.505859375,660.7628784179688,2.3112339973449707,0.5884739756584167,151.81039428710938,0.1709890067577362,3.4486050605773926,18.362350463867188,13.96792984008789,0.0001630000042496249,4.125860214233398
2025-07-09,111326.5546875,3311.60009765625,97.47000122070312,6263.259765625,2770.777587890625,669.1525268554688,2.4056360721588135,0.6234890222549438,157.28150939941406,0.18075500428676605,3.6188080310821533,19.5084285736084,14.253814697265625,0.0001630000042496249,4.313157081604004
2025-07-10,115987.203125,3317.39990234375,97.6500015258789,6280.4599609375,2954.84521484375,685.6607055664062,2.5466830730438232,0.6766480207443237,164.06277465820312,0.1947930008172989,3.8834149837493896,20.68787384033203,15.239021301269531,0.0001630000042496249,4.616069793701172
2025-07-11,117516.9921875,3356.0,97.8499984741211,6259.75,2957.88623046875,689.8733520507812,2.7348639965057373,0.7105259895324707,162.8833770751953,0.20118799805641174,3.917196035385132,20.691051483154297,15.298432350158691,0.0001630000042496249,4.646693229675293
2025-07-12,117435.2265625,3356.0,97.8499984741211,6259.75,2942.91162109375,685.7778930664062,2.737636089324951,0.7082970142364502,160.68484497070312,0.19732800126075745,3.8889429569244385,20.672183990478516,15.09860897064209,0.0001630000042496249,4.583495140075684
2025-07-13,119116.1171875,3356.0,97.8499984741211,6259.75,2973.35888671875,692.2304077148438,2.8359410762786865,0.7372530102729797,161.1940155029297,0.19859500229358673,3.98730206489563,21.19805335998535,15.646004676818848,0.0001630000042496249,4.683666229248047
2025-07-14,119849.703125,3351.5,98.08000183105469,6268.56005859375,3013.350830078125,689.416748046875,2.954977035522461,0.7343360185623169,162.2752227783203,0.19743099808692932,3.950788974761963,21.281078338623047,15.777632713317871,0.0001630000042496249,4.554561138153076
2025-07-15,117777.1875,3329.800048828125,98.62000274658203,6243.759765625,3139.8896484375,689.921142578125,2.918951988220215,0.7468230128288269,163.950439453125,0.19916200637817383,4.078707218170166,22.51393699645996,16.092302322387695,0.0001630000042496249,4.668866157531738
2025-07-16,118738.5078125,3352.5,98.38999938964844,6263.7001953125,3371.5068359375,708.1260986328125,3.041404962539673,0.7645490169525146,173.70848083496094,0.2127469927072525,4.1577677726745605,22.66943359375,16.674169540405273,0.0001630000042496249,4.7472381591796875
2025-07-17,119289.84375,3340.10009765625,98.7300033569336,6297.35986328125,3476.784423828125,721.2119750976562,3.495129108428955,0.8237850069999695,175.7930450439453,0.2180279940366745,4.266907215118408,23.859947204589844,17.997987747192383,0.0001630000042496249,4.8693060874938965
2025-07-18,118003.2265625,3353.0,98.4800033569336,6296.7900390625,3549.016357421875,730.2163696289062,3.4182119369506836,0.8158569931983948,177.38197326660156,0.2361290007829666,4.229214191436768,23.524816513061523,17.843006134033203,0.0001630000042496249,4.855072975158691
2025-07-19,117939.9765625,3353.0,98.4800033569336,6296.7900390625,3595.273681640625,733.529052734375,3.429405927658081,0.8303400278091431,177.07012939453125,0.24149300158023834,4.415104866027832,24.51840591430664,18.41661834716797,0.0001630000042496249,5.018535137176514
2025-07-20,117300.7890625,3353.0,98.4800033569336,6296.7900390625,3759.471435546875,757.7399291992188,3.459528923034668,0.8587449789047241,181.54603576660156,0.27292901277542114,4.4912872314453125,25.073537826538086,19.30514907836914,0.0001630000042496249,5.181465148925781
2025-07-21,117439.5390625,3401.89990234375,97.8499984741211,6305.60009765625,3763.371337890625,766.783935546875,3.55576491355896,0.8904250264167786,195.9942626953125,0.2717190086841583,4.503505229949951,25.453935623168945,19.532302856445312,0.0001630000042496249,5.192873001098633
2025-07-22,119995.4140625,3439.199951171875,97.38999938964844,6309.6201171875,3749.1455078125,786.1411743164062,3.551676034927368,0.902944028377533,205.70054626464844,0.2703790068626404,4.547214984893799,25.86503791809082,19.663110733032227,0.0001630000042496249,5.109463214874268
2025-07-23,118754.9609375,3394.10009765625,97.20999908447266,6358.91015625,3629.70361328125,776.6404418945312,3.1849300861358643,0.8162310123443604,189.54293823242188,0.2406489998102188,4.115471839904785,23.95308494567871,18.185083389282227,0.0001630000042496249,4.702119827270508
2025-07-24,118368.0,3371.0,97.37999725341797,6363.35009765625,3708.005615234375,771.239990234375,3.143894910812378,0.8055779933929443,182.60606384277344,0.23197400569915771,4.000131130218506,23.654624938964844,17.907915115356445,0.0001630000042496249,4.624828815460205
2025-07-25,117635.8828125,3334.0,97.6500015258789,6388.64013671875,3727.266845703125,785.6064453125,3.1417200565338135,0.816074013710022,186.7796630859375,0.23681199550628662,4.088868141174316,24.0047664642334,18.29102325439453,0.0001630000042496249,4.7090301513671875
2025-07-26,117947.3671875,3334.0,97.6500015258789,6388.64013671875,3741.39599609375,793.2825927734375,3.167534112930298,0.81980299949646,184.91387939453125,0.23551400005817413,4.124812126159668,24.94505500793457,18.406492233276367,0.0001630000042496249,4.766971111297607
2025-07-27,119448.4921875,3334.0,97.6500015258789,6388.64013671875,3875.24658203125,843.261962890625,3.2412819862365723,0.8320080041885376,188.73348999023438,0.24080300331115723,4.239684104919434,25.98979949951172,19.234554290771484,0.0001630000042496249,4.8747968673706055
2025-07-28,117924.4765625,3309.10009765625,98.66000366210938,6389.77001953125,3787.42578125,822.0185546875,3.11584210395813,0.7908909916877747,182.54156494140625,0.2252259999513626,3.948425054550171,25.087413787841797,18.037017822265625,0.0001630000042496249,4.625327110290527
2025-07-29,117922.1484375,3323.39990234375,98.91000366210938,6370.85986328125,3793.454833984375,804.89892578125,3.1284310817718506,0.7824680209159851,181.33531188964844,0.22379299998283386,3.9029300212860107,24.355276107788086,17.822280883789062,0.0001630000042496249,4.61250114440918
2025-07-30,117831.1875,3295.800048828125,99.94000244140625,6362.89990234375,3808.20166015625,793.1448364257812,3.0983760356903076,0.7634389996528625,177.6940155029297,0.2198999971151352,3.8067150115966797,23.30423355102539,17.715185165405273,0.0001630000042496249,4.418666839599609
2025-07-31,115758.203125,3293.199951171875,100.02999877929688,6339.39013671875,3696.707763671875,783.6668090820312,3.025170087814331,0.7400599718093872,172.42434692382812,0.2098730057477951,3.6885859966278076,22.499839782714844,16.955446243286133,0.0001630000042496249,4.213045120239258
2025-08-01,113320.0859375,3347.699951171875,98.69000244140625,6238.009765625,3488.365966796875,757.1865844726562,2.96459698677063,0.7156670093536377,162.87709045410156,0.20121599733829498,3.5524909496307373,21.558088302612305,16.101533889770508,0.0001630000042496249,4.149093151092529
2025-08-02,112526.9140625,3347.699951171875,98.69000244140625,6238.009765625,3392.7412109375,736.6464233398438,2.766371965408325,0.6976699829101562,158.48301696777344,0.19121399521827698,3.506546974182129,20.869081497192383,15.651691436767578,0.0001630000042496249,4.092273235321045
2025-08-03,114217.671875,3347.699951171875,98.69000244140625,6238.009765625,3497.379150390625,751.5609741210938,2.9495439529418945,0.7269759774208069,161.95497131347656,0.19886399805545807,3.6039528846740723,21.37859535217285,16.299955368041992,0.0001630000042496249,4.274301052093506
2025-08-04,115071.8828125,3374.39990234375,98.77999877929688,6329.93994140625,3718.986083984375,769.05908203125,3.072809934616089,0.7548080086708069,169.42568969726562,0.21041299402713776,3.7199230194091797,23.090251922607422,17.103120803833008,0.0001630000042496249,4.311882972717285
2025-08-05,114141.4453125,3381.89990234375,98.77999877929688,6299.18994140625,3611.8994140625,754.8510131835938,2.963747978210449,0.726036012172699,164.096435546875,0.1997389942407608,3.618730068206787,21.903446197509766,16.38486671447754,0.0001630000042496249,4.226774215698242
2025-08-06,115028.0,3380.0,98.18000030517578,6345.06005859375,3683.920654296875,769.8478393554688,2.9918880462646484,0.7417939901351929,168.1757354736328,0.20525500178337097,3.673978090286255,22.230154037475586,16.68630599975586,0.0001630000042496249,4.3258538246154785
2025-08-07,117496.8984375,3400.300048828125,98.4000015258789,6340.0,3914.325927734375,788.1963500976562,3.3182079792022705,0.7863950133323669,175.4854278564453,0.22238999605178833,3.863389015197754,23.346223831176758,18.46993637084961,0.0001630000042496249,4.4672088623046875
2025-08-08,116688.7265625,3439.10009765625,98.18000030517578,6389.4501953125,4009.848876953125,793.4395751953125,3.2871201038360596,0.7911810278892517,176.76329040527344,0.23021399974822998,3.9782629013061523,23.797428131103516,19.895051956176758,0.0001630000042496249,4.604598045349121
2025-08-09,116500.359375,3439.10009765625,98.18000030517578,6389.4501953125,4263.59912109375,799.0867309570312,3.2278831005096436,0.804036021232605,180.18234252929688,0.24032500386238098,4.139029026031494,24.247360229492188,21.93036460876465,0.0001630000042496249,4.731931209564209
2025-08-10,119306.7578125,3439.10009765625,98.18000030517578,6389.4501953125,4254.2177734375,805.8734741210938,3.1878559589385986,0.8022879958152771,182.90301513671875,0.23409900069236755,4.063408851623535,23.863525390625,22.102489471435547,0.0001630000042496249,4.663980007171631
2025-08-11,118731.4453125,3353.10009765625,98.5199966430664,6373.4501953125,4226.966796875,806.730224609375,3.134514093399048,0.7739769816398621,174.97781372070312,0.22255000472068787,3.8637399673461914,22.852481842041016,21.119766235351562,0.0001630000042496249,4.4928789138793945
2025-08-12,120172.90625,3348.89990234375,98.0999984741211,6445.759765625,4590.9248046875,832.9265747070312,3.2665059566497803,0.8412039875984192,191.85682678222656,0.23566600680351257,4.148653984069824,24.666894912719727,23.522558212280273,0.0001630000042496249,4.700168132781982
2025-08-13,123344.0625,3358.699951171875,97.83999633789062,6466.580078125,4756.27587890625,849.0054931640625,3.2805910110473633,0.9059240221977234,201.59042358398438,0.24520200490951538,4.281787872314453,25.53123664855957,24.000789642333984,0.0001630000042496249,4.858595848083496
2025-08-14,118359.578125,3335.199951171875,98.25,6468.5400390625,4548.16650390625,840.9309692382812,3.083522081375122,0.9253829717636108,192.58595275878906,0.22389300167560577,3.988956928253174,23.670026779174805,22.479764938354492,0.0001630000042496249,4.523952960968018
2025-08-15,117398.3515625,3336.0,97.8499984741211,6449.7998046875,4439.98876953125,827.2891845703125,3.078666925430298,0.943835973739624,185.7412567138672,0.2286130040884018,3.891083002090454,23.756633758544922,21.75300407409668,0.0001630000042496249,4.455841064453125
2025-08-16,117491.3515625,3336.0,97.8499984741211,6449.7998046875,4426.18017578125,839.3980712890625,3.108139991760254,0.9212819933891296,189.76699829101562,0.2312459945678711,3.9670538902282715,24.313249588012695,22.652238845825195,0.0001630000042496249,4.572152137756348
2025-08-17,117453.0625,3336.0,97.8499984741211,6449.7998046875,4473.271484375,856.4029541015625,3.089040994644165,0.9618890285491943,191.16482543945312,0.23456500470638275,4.056697845458984,25.075254440307617,25.688791275024414,0.0001630000042496249,4.626181125640869
2025-08-18,116252.3125,3331.699951171875,98.16999816894531,6449.14990234375,4312.5048828125,847.4179077148438,3.0614829063415527,0.9232550263404846,183.0698699951172,0.22242499887943268,3.9148130416870117,23.700531005859375,25.75943946838379,0.0001630000042496249,4.4652419090271
2025-08-19,112831.1796875,3313.39990234375,98.2699966430664,6411.3701171875,4073.464111328125,823.56591796875,2.852924108505249,0.8450390100479126,176.11227416992188,0.20904800295829773,3.715419054031372,22.331470489501953,23.518341064453125,0.0001630000042496249,4.286515235900879
2025-08-20,114274.7421875,3343.39990234375,98.22000122070312,6395.77978515625,4334.50048828125,869.1038818359375,2.950748920440674,0.8808220028877258,187.5863037109375,0.22145000100135803,3.880340099334717,23.42913055419922,26.36775016784668,0.0001630000042496249,4.470341205596924
2025-08-21,112419.03125,3336.89990234375,98.62000274658203,6370.169921875,4223.2099609375,839.0408325195312,2.8504741191864014,0.8510209918022156,180.28062438964844,0.21474899351596832,3.7936270236968994,22.77045440673828,24.78521728515625,0.0001630000042496249,4.424789905548096
2025-08-22,116874.0859375,3374.39990234375,97.72000122070312,6466.91015625,4831.3486328125,898.7745361328125,3.075773000717163,0.9299209713935852,200.64744567871094,0.24059000611305237,4.175912857055664,25.23882293701172,26.746482849121094,0.0001630000042496249,4.818039894104004
2025-08-23,115374.328125,3374.39990234375,97.72000122070312,6466.91015625,4776.09033203125,880.046142578125,3.0462141036987305,0.9131330251693726,203.93673706054688,0.23600900173187256,4.226393222808838,26.21869468688965,26.278017044067383,0.0001630000042496249,4.885766983032227
2025-08-24,113458.4296875,3374.39990234375,97.72000122070312,6466.91015625,4779.6474609375,876.0802001953125,3.0258688926696777,0.9096069931983948,205.8523712158203,0.231797993183136,4.109203815460205,25.72537612915039,25.82159423828125,0.0001630000042496249,4.785521030426025
2025-08-25,110124.3515625,3373.800048828125,98.43000030517578,6439.31982421875,4372.98779296875,840.1719360351562,2.861272096633911,0.8376330137252808,187.2784423828125,0.20982399582862854,3.7359769344329834,23.379615783691406,23.395715713500977,0.0001630000042496249,4.416412830352783
2025-08-26,111802.65625,3388.60009765625,98.2300033569336,6465.93994140625,4600.4267578125,863.6304931640625,3.0122179985046387,0.8666830062866211,195.90509033203125,0.21846500039100647,3.8882479667663574,24.180391311645508,24.399843215942383,0.0001630000042496249,4.527410984039307
2025-08-27,111222.0625,3404.60009765625,98.2300033569336,6481.39990234375,4503.39306640625,855.6463012695312,2.966618061065674,0.8501560091972351,202.92337036132812,0.21891899406909943,3.8341710567474365,24.42285919189453,23.757827758789062,0.0001630000042496249,4.4910101890563965
2025-08-28,112544.8046875,3431.800048828125,97.80999755859375,6501.85986328125,4507.177734375,874.3660278320312,2.967094898223877,0.8577499985694885,214.4056396484375,0.22434000670909882,3.9804909229278564,24.89027976989746,25.18048667907715,0.0001630000042496249,4.78278923034668
2025-08-29,108410.8359375,3473.699951171875,97.7699966430664,6460.259765625,4360.15283203125,863.2765502929688,2.8219571113586426,0.8271369934082031,205.22000122070312,0.2140350043773651,3.7769110202789307,23.575597763061523,23.433656692504883,0.0001630000042496249,4.4836602210998535
2025-08-30,108808.0703125,3473.699951171875,97.7699966430664,6460.259765625,4374.1533203125,862.4039916992188,2.818186044692993,0.8224049806594849,202.86013793945312,0.21597999334335327,3.8101580142974854,23.78620147705078,23.497806549072266,0.0001630000042496249,4.503921985626221
2025-08-31,108236.7109375,3473.699951171875,97.7699966430664,6460.259765625,4390.01904296875,857.8167724609375,2.7766408920288086,0.8113610148429871,200.86354064941406,0.21381500363349915,3.74202299118042,23.406009674072266,23.22403335571289,0.0001630000042496249,4.466217994689941
2025-09-01,109250.59375,3473.699951171875,97.7699966430664,6460.259765625,4314.47021484375,845.8262939453125,2.753695011138916,0.8001859784126282,197.10833740234375,0.2102539986371994,3.689126968383789,23.183116912841797,22.481395721435547,0.0001630000042496249,4.386580944061279
2025-09-02,111200.5859375,3549.39990234375,98.4000015258789,6415.5400390625,4325.36572265625,851.7772216796875,2.861859083175659,0.8345810174942017,209.48153686523438,0.21481800079345703,3.8170011043548584,24.452800750732422,23.480976104736328,0.0001630000042496249,4.427257061004639
2025-09-03,111723.2109375,3593.199951171875,98.13999938964844,6448.259765625,4450.38916015625,855.2587890625,2.8448948860168457,0.8365300297737122,210.74630737304688,0.2205599993467331,3.8643898963928223,25.17866325378418,23.69241714477539,0.0001630000042496249,4.521029949188232
2025-09-04,110723.6015625,3565.800048828125,98.3499984741211,6502.080078125,4298.744140625,843.802978515625,2.795828104019165,0.8098869919776917,202.5601806640625,0.21247699856758118,3.7666831016540527,24.23689079284668,22.3513240814209,0.0001630000042496249,4.395069122314453
2025-09-05,110650.984375,3613.199951171875,97.7699966430664,6481.5,4306.98876953125,849.979248046875,2.8162479400634766,0.8310689926147461,203.49851989746094,0.2179040014743805,3.82886004447937,24.47858238220215,22.29143714904785,0.0001630000042496249,4.439848899841309
2025-09-06,110224.6953125,3613.199951171875,97.7699966430664,6481.5,4274.2421875,861.7720947265625,2.810854911804199,0.8184509873390198,200.24630737304688,0.21588599681854248,3.8251469135284424,24.382219314575195,22.205257415771484,0.0001630000042496249,4.411590099334717
2025-09-07,111167.6171875,3613.199951171875,97.7699966430664,6481.5,4305.34765625,880.613037109375,2.8785619735717773,0.8350589871406555,206.4681854248047,0.2284429967403412,3.9948670864105225,24.692548751831055,22.465261459350586,0.0001630000042496249,4.485191822052002
2025-09-08,112071.4296875,3638.10009765625,97.44999694824219,6495.14990234375,4308.072265625,878.2759399414062,2.9704010486602783,0.8650529980659485,214.1864013671875,0.24188099801540375,4.045086860656738,25.272720336914062,23.050865173339844,0.0001630000042496249,4.5429840087890625
2025-09-09,111530.546875,3643.300048828125,97.79000091552734,6512.60986328125,4309.04150390625,880.0150146484375,2.9466140270233154,0.8650320172309875,217.2506866455078,0.24068999290466309,4.139011859893799,25.93682289123535,23.055517196655273,0.0001630000042496249,4.588640213012695
2025-09-10,113955.359375,3643.60009765625,97.77999877929688,6532.0400390625,4349.14599609375,893.5665893554688,2.98170804977417,0.8846880197525024,223.98690795898438,0.2453950047492981,4.21365213394165,29.427661895751953,23.55696678161621,0.0001630000042496249,4.678361892700195
2025-09-11,115507.5390625,3636.89990234375,97.54000091552734,6587.47021484375,4461.2333984375,902.9833374023438,3.0409340858459473,0.8942080140113831,228.7561798095703,0.25565800070762634,4.241763114929199,29.175559997558594,24.46678924560547,0.0001630000042496249,4.693695068359375
2025-09-12,116101.578125,3649.39990234375,97.55000305175781,6584.2900390625,4715.24609375,925.0307006835938,3.1076419353485107,0.9170870184898376,242.30328369140625,0.27542799711227417,4.320271968841553,28.978519439697266,25.13623046875,0.0001630000042496249,4.750233173370361
2025-09-13,115950.5078125,3649.39990234375,97.55000305175781,6584.2900390625,4668.1796875,933.899658203125,3.121467113494873,0.929843008518219,242.5959014892578,0.28946399688720703,4.500833034515381,30.040700912475586,24.877197265625,0.0001630000042496249,4.826251029968262
2025-09-14,115407.65625,3649.39990234375,97.55000305175781,6584.2900390625,4609.59765625,927.24169921875,3.032525062561035,0.8889909982681274,240.5576934814453,0.27858999371528625,4.322048187255859,29.49125862121582,24.1313533782959,0.0001630000042496249,4.642557144165039
2025-09-15,115444.875,3682.199951171875,97.30000305175781,6615.27978515625,4526.8203125,919.97021484375,2.9971089363098145,0.8635079860687256,234.35755920410156,0.2686299979686737,4.152833938598633,29.844894409179688,23.584924697875977,0.0001630000042496249,4.508824825286865
2025-09-16,116843.1875,3688.89990234375,96.62999725341797,6606.759765625,4503.564453125,955.7125854492188,3.038494110107422,0.8806899785995483,236.9895782470703,0.269771009683609,4.255425930023193,30.081283569335938,23.494625091552734,0.0001630000042496249,4.549313068389893
2025-09-17,116468.5078125,3681.800048828125,96.87000274658203,6600.35009765625,4592.7333984375,990.3097534179688,3.084991931915283,0.9130920171737671,244.85745239257812,0.28246399760246277,4.400455951690674,31.76580047607422,23.98741340637207,0.0001630000042496249,4.610568046569824
2025-09-18,117137.203125,3643.699951171875,97.3499984741211,6631.9599609375,4589.9189453125,981.835205078125,3.0762689113616943,0.9253559708595276,247.6371307373047,0.278779000043869,4.53749418258667,35.23206329345703,24.6402530670166,0.0001630000042496249,4.675648212432861
2025-09-19,115688.859375,3671.5,97.63999938964844,6664.35986328125,4470.9169921875,984.1240844726562,2.991852045059204,0.8909350037574768,238.55270385742188,0.26538699865341187,4.358479976654053,33.7672233581543,23.496610641479492,0.0001630000042496249,4.478713035583496
2025-09-20,115721.9609375,3671.5,97.63999938964844,6664.35986328125,4482.265625,1042.650146484375,2.97891902923584,0.8939329981803894,239.5924835205078,0.26774901151657104,4.3580708503723145,33.18632888793945,23.34481430053711,0.0001630000042496249,4.45267915725708
2025-09-21,115306.09375,3671.5,97.63999938964844,6664.35986328125,4451.3291015625,1048.67236328125,2.9734089374542236,0.8852750062942505,236.57545471191406,0.2611590027809143,4.271018981933594,33.04840087890625,22.997249603271484,0.0001630000042496249,4.406612873077393
2025-09-22,112748.5078125,3740.699951171875,97.33000183105469,6693.75,4202.87744140625,993.0140380859375,2.8530099391937256,0.8257520198822021,220.49644470214844,0.24131600558757782,4.036866188049316,33.729732513427734,21.66023063659668,0.0001630000042496249,4.161651134490967
2025-09-23,112014.5,3780.60009765625,97.26000213623047,6656.919921875,4165.50390625,1017.0198974609375,2.8281569480895996,0.8076189756393433,213.71730041503906,0.2373879998922348,3.9731099605560303,33.65406036376953,21.544639587402344,0.0001630000042496249,4.132288932800293
2025-09-24,113328.6328125,3732.10009765625,97.87000274658203,6637.97021484375,4153.46923828125,1018.8478393554688,2.928035020828247,0.81318598985672,211.75625610351562,0.24124400317668915,3.9947450160980225,32.34635925292969,21.620655059814453,0.0001630000042496249,4.1537041664123535
2025-09-25,109049.2890625,3736.89990234375,98.55000305175781,6604.72021484375,3868.333984375,945.713623046875,2.742319107055664,0.7627890110015869,192.38076782226562,0.22270600497722626,3.8005480766296387,28.660615921020508,20.108457565307617,0.0001630000042496249,4.0085768699646
2025-09-26,109712.828125,3775.300048828125,98.1500015258789,6643.7001953125,4035.887939453125,960.9239501953125,2.7858119010925293,0.7921929955482483,205.35255432128906,0.23262900114059448,3.9277079105377197,29.106338500976562,21.08590316772461,0.0001630000042496249,4.117620944976807
2025-09-27,109681.9453125,3775.300048828125,98.1500015258789,6643.7001953125,4018.658203125,968.78955078125,2.807734966278076,0.7817010283470154,203.5833282470703,0.23083600401878357,3.8925979137420654,28.790525436401367,20.928056716918945,0.0001630000042496249,4.1156721115112305
2025-09-28,112122.640625,3775.300048828125,98.1500015258789,6643.7001953125,4141.4765625,993.3155517578125,2.8665859699249268,0.8081660270690918,210.7377471923828,0.2373879998922348,3.996964931488037,30.007946014404297,21.680927276611328,0.0001630000042496249,4.18208122253418
2025-09-29,114400.3828125,3820.89990234375,97.91000366210938,6661.2099609375,4217.341796875,1030.7412109375,2.8826920986175537,0.8067970275878906,213.05340576171875,0.23505699634552002,3.983712911605835,30.452417373657227,21.749244689941406,0.0001630000042496249,4.117443084716797
2025-09-30,114056.0859375,3840.800048828125,97.7699966430664,6688.4599609375,4145.95751953125,1008.4834594726562,2.846930980682373,0.8072029948234558,208.7431182861328,0.23290500044822693,3.907707929611206,30.00381088256836,21.329387664794922,0.0001630000042496249,4.097751140594482
2025-10-01,118648.9296875,3867.5,97.70999908447266,6711.2001953125,4351.1123046875,1026.166748046875,2.9472780227661133,0.8500400185585022,221.67587280273438,0.24836499989032745,4.121088027954102,30.704654693603516,22.582313537597656,0.0001630000042496249,4.13141393661499
2025-10-02,120681.2578125,3839.699951171875,97.8499984741211,6715.35009765625,4487.923828125,1090.6556396484375,3.0393240451812744,0.8703200221061707,234.85687255859375,0.2619369924068451,4.3088788986206055,31.023582458496094,22.774349212646484,0.0001630000042496249,4.311779022216797
2025-10-03,122266.53125,3880.800048828125,97.72000122070312,6715.7900390625,4514.87060546875,1189.9190673828125,3.0408809185028076,0.8663150072097778,233.00196838378906,0.2586030066013336,4.320178031921387,31.361156463623047,22.5244083404541,0.0001630000042496249,4.281917095184326
2025-10-04,122425.4296875,3880.800048828125,97.72000122070312,6715.7900390625,4489.197265625,1150.547607421875,2.969348907470703,0.8399220108985901,228.00320434570312,0.250916987657547,4.201498985290527,30.14284324645996,22.032007217407227,0.0001630000042496249,4.136970043182373
2025-10-05,123513.4765625,3880.800048828125,97.72000122070312,6715.7900390625,4515.4228515625,1165.527587890625,2.9706408977508545,0.8373519778251648,228.6011962890625,0.25295400619506836,4.135800838470459,30.085981369018555,22.002395629882812,0.0001630000042496249,4.150838851928711
2025-10-06,124752.53125,3948.5,98.11000061035156,6740.27978515625,4687.771484375,1223.5810546875,2.9907169342041016,0.8718159794807434,232.5160369873047,0.26631298661231995,4.387514114379883,30.712078094482422,23.37454605102539,0.0001630000042496249,4.273219108581543
2025-10-07,121451.3828125,3976.60009765625,98.58000183105469,6714.58984375,4451.15185546875,1310.21435546875,2.855971097946167,0.8209019899368286,220.4827117919922,0.24731600284576416,4.146091938018799,27.952503204345703,21.855979919433594,0.0001630000042496249,4.0594801902771
2025-10-08,123354.8671875,4043.300048828125,98.8499984741211,6753.72021484375,4527.64794921875,1306.599365234375,2.8808040618896484,0.838916003704071,229.10121154785156,0.25556299090385437,4.197646141052246,28.81521987915039,22.620698928833008,0.0001630000042496249,4.171696186065674
2025-10-09,121705.5859375,3946.300048828125,99.54000091552734,6735.10986328125,4369.1435546875,1255.890625,2.8049099445343018,0.8156459927558899,220.99107360839844,0.2485630065202713,4.075096130371094,28.384201049804688,22.012300491333008,0.0001630000042496249,4.059792995452881
2025-10-10,113214.3671875,3975.89990234375,98.9800033569336,6552.509765625,3843.0087890625,1106.8985595703125,2.3585970401763916,0.6348350048065186,188.6638641357422,0.19315500557422638,2.962415933609009,20.73358154296875,17.354766845703125,0.0001630000042496249,2.9639010429382324
2025-10-11,110807.8828125,3975.89990234375,98.9800033569336,6552.509765625,3750.611572265625,1137.1993408203125,2.385982036590576,0.6321799755096436,178.05416870117188,0.1854429990053177,3.000314950942993,21.472492218017578,17.21348762512207,0.0001630000042496249,3.1443049907684326
2025-10-12,115169.765625,3975.89990234375,98.9800033569336,6552.509765625,4164.427734375,1303.1173095703125,2.5349578857421875,0.7015050053596497,197.508544921875,0.20779499411582947,3.2469899654388428,22.583330154418945,19.047706604003906,0.0001630000042496249,3.4890151023864746
2025-10-13,115271.078125,4108.60009765625,99.2699966430664,6654.72021484375,4245.4677734375,1293.4732666015625,2.6064999103546143,0.7292580008506775,208.36729431152344,0.21399100124835968,3.3771069049835205,23.838850021362305,19.86493492126465,0.0001630000042496249,3.645159959793091
2025-10-14,113118.6640625,4138.7001953125,99.05000305175781,6644.31005859375,4125.412109375,1211.0511474609375,2.505660057067871,0.6996920108795166,202.46034240722656,0.20453199744224548,3.2507400512695312,22.770381927490234,19.113391876220703,0.0001630000042496249,3.4749629497528076
2025-10-15,110783.1640625,4176.89990234375,98.79000091552734,6671.06005859375,3987.45947265625,1162.6917724609375,2.412666082382202,0.66880202293396,194.02186584472656,0.19632700085639954,3.138685941696167,21.916133880615234,18.063411712646484,0.0001630000042496249,3.334878921508789
2025-10-16,108186.0390625,4280.2001953125,98.38999938964844,6629.06982421875,3894.75439453125,1145.8253173828125,2.3290679454803467,0.6449440121650696,184.68894958496094,0.18836699426174164,3.015078067779541,20.959125518798828,17.40520477294922,0.0001630000042496249,3.2518370151519775
2025-10-17,106467.7890625,4189.89990234375,98.43000030517578,6664.009765625,3832.558837890625,1071.9630126953125,2.294239044189453,0.6248430013656616,182.0347900390625,0.18484200537204742,2.8918559551239014,19.956615447998047,16.611236572265625,0.0001630000042496249,3.153007984161377
2025-10-18,107198.265625,4189.89990234375,98.43000030517578,6664.009765625,3890.34619140625,1093.1524658203125,2.3605101108551025,0.634460985660553,187.66029357910156,0.18959900736808777,2.9324910640716553,20.20686149597168,16.820730209350586,0.0001630000042496249,3.1843340396881104
2025-10-19,108666.7109375,4189.89990234375,98.43000030517578,6664.009765625,3984.649658203125,1109.6800537109375,2.390631914138794,0.652550995349884,187.79820251464844,0.19532300531864166,3.0078349113464355,20.594934463500977,17.27528953552246,0.0001630000042496249,3.2287890911102295
2025-10-20,110588.9296875,4336.39990234375,98.58999633789062,6735.1298828125,3980.76025390625,1101.0616455078125,2.4934189319610596,0.6632509827613831,189.75067138671875,0.20011399686336517,3.087536096572876,20.35658073425293,18.6574764251709,0.0001630000042496249,3.275739908218384
2025-10-21,108476.890625,4087.699951171875,98.93000030517578,6735.35009765625,3876.76416015625,1057.4404296875,2.4242711067199707,0.6429139971733093,185.66627502441406,0.1943890005350113,3.0065131187438965,19.557653427124023,17.62841796875,0.0001630000042496249,3.1895320415496826
2025-10-22,107688.5859375,4044.39990234375,98.9000015258789,6699.39990234375,3808.122314453125,1072.0479736328125,2.3638620376586914,0.6239719986915588,180.14813232421875,0.19000199437141418,2.9219770431518555,19.01815414428711,17.207212448120117,0.0001630000042496249,3.115381956100464
2025-10-23,110069.7265625,4125.5,98.94000244140625,6738.43994140625,3856.0263671875,1127.572998046875,2.3951499462127686,0.6428449749946594,191.38827514648438,0.19484399259090424,3.003082036972046,19.136430740356445,17.41607666015625,0.0001630000042496249,3.1830968856811523
2025-10-24,110069.7265625,4126.89990234375,98.93800354003906,6791.68994140625,3856.0263671875,1127.572998046875,2.3951499462127686,0.6428449749946594,191.38827514648438,0.19484399259090424,3.003082036972046,19.136430740356445,17.41607666015625,0.0001630000042496249,3.1830968856811523
2025-10-25,111042.21875,4126.89990234375,98.93800354003906,6791.68994140625,3935.286376953125,1109.178955078125,2.5077433586120605,0.6559420228004456,193.57347106933594,0.19770261645317078,3.0784661769866943,19.49612808227539,17.88043975830078,0.0001630000042496249,3.1853904724121094
